{
  "notes": [
    {
      "title": "Yoshi's birthday bash",
      "details": "Lorem Ipsum is simply dummy text of the printing and typesetting industry. Lorem Ipsum has been the industry's standard dummy text ever since the 1500s, when an unknown printer took a galley of type and scrambled it to make a type specimen book.",
      "category": "reminders",
      "id": 1
    },
    {
      "title": "Complete my ninja training",
      "details": "Lorem Ipsum is simply dummy text of the printing and typesetting industry. Lorem Ipsum has been the industry's standard dummy text ever since the 1500s, when an unknown printer took.",
      "category": "work",
      "id": 2
    },
    {
      "title": "Order a pizza!",
      "details": "Lorem Ipsum is simply dummy text of the printing and typesetting industry. Lorem Ipsum has been the industry's standard dummy text ever since the 1500s, when an unknown printer took a galley of type and scrambled it to make a type specimen book.\nLorem Ipsum is simply dummy text of the printing and typesetting industry. Lorem Ipsum has been the industry's standard dummy text ever since the 1500s, when an unknown printer took a galley of type and scrambled it to make a type specimen book.",
      "category": "todos",
      "id": 3
    },
    {
      "title": "Buy Yoshi's Birthday Gift",
      "details": "Mario ipsum RGB mushroom 1-up. Cloud lakitu slide fire flower pipe jump swim, lava slide koopa troopa side-scrolling starman fire bar koopa paratroopa! Pipe cloud buzzy beetle koopa troopa game over, goomba invincible Mario green shell slide koopa paratroopa fire bar question block 1985 koopa troopa fireball Mushroom Kingdom. Lava Mushroom Kingdom.",
      "category": "todos",
      "id": 4
    },
    {
      "title": "Check my promo codes",
      "details": "Mario ipsum RGB mushroom 1-up. Cloud lakitu slide fire flower pipe jump swim, lava slide koopa troopa side-scrolling starman fire bar koopa paratroopa! Pipe cloud buzzy beetle koopa troopa game over, goomba invincible Mario green shell slide koopa paratroopa fire bar question block 1985 koopa troopa fireball Mushroom Kingdom. Lava Mushroom Kingdom.",
      "category": "reminders",
      "id": 6
    },
    {
      "title": "Henok",
      "details": "Details",
      "category": "reminders",
      "id": 8
    },
    {
      "title": "Henok2",
      "details": "Details",
      "category": "todos",
      "id": 9
    },
    {
      "title": "naew",
      "details": "das",
      "category": "todos",
      "id": 10
    },
    {
      "title": "Hamtamu title",
      "details": "details skfkdgldmlgmdslm",
      "category": "reminders",
      "id": 11
    }
  ],
  "tickets": [
    {
      "title": "5 minute text to speech",
      "Name": "Leul",
      "Date": "april/2/2019",
      "category": "High",
      "id": 11
    },
    {
      "title": "jkn ",
      "Name": "cvighjnmkl,",
      "Date": "ctfgvbihoknmpl[;,].'",
      "category": "Medium",
      "id": 12
    }
  ],
  "news": [
    {
      "title": "Yen falls as Bank of Japan bucks rate rise trend",
      "disc": "The yen has fallen sharply after Japan's central bank kept its ultra-low interest rates on hold as policy makers around the world hike the cost of borrowing to tackle rising prices.",
      "Details": "Lorem Ipsum is simply dummy text of the printing and typesetting industry. Lorem Ipsum has been the industry's standard dummy text ever since the 1500s, when an unknown printer took a galley of type and scrambled it to make a type specimen book.",
      "category": "Sport",
      "id": 11
    },
    {
      "title": "Cost of living: The shock of rising prices in Japan",
      "disc": "After the announcement, the US dollar climbed as high as 134.64 yen, not far from the 24-year peak of 135.6 it hit earlier this week.",
      "details": "So far this year the dollar has climbed by 15% against the yen, as the gap between interest rates in Japan and much of the rest of the world continues to grow.",
      "category": "Economics",
      "id": 12
    }
  ],
  "contacts": [
    {
      "id": "30b96e73-b7dd-4e37-9a77-b302a154e074",
      "name": "Henok Tadele",
      "email": "Henoktadele9@gmail.com"
    },
    {
      "id": "4f64cc8b-467e-41a8-9617-a97b03505daf",
      "name": "fasica",
      "email": "autumndwyer@me.com"
    }
  ]
}